Order,GLUA0035_,ASPA0048_,ASPA0052_,ASPA0066_,ASPA0101_,ASPA0119_,Count,Occupancy,Sum_crg_protein
1,-1.0,-1.0,-1.0,-1.0,-1.0,-1.0,1034682.0,0.69,7.0
2,-1.0,-1.0,-1.0,-1.0,-1.0,-1.0,118322.0,0.079,8.0
3,-1.0,-1.0,-1.0,-1.0,-1.0,-1.0,35482.0,0.024,8.0
4,-1.0,-1.0,-1.0,0.0,-1.0,-1.0,49834.0,0.033,8.0
5,0.0,-1.0,-1.0,-1.0,-1.0,-1.0,48910.0,0.033,8.0
6,-1.0,-1.0,-1.0,-1.0,-1.0,-1.0,55005.0,0.037,8.0
7,-1.0,-1.0,-1.0,-1.0,0.0,-1.0,57010.0,0.038,8.0
8,-1.0,-1.0,0.0,-1.0,-1.0,-1.0,6167.0,0.004,8.0
9,0.0,-1.0,-1.0,-1.0,-1.0,-1.0,5096.0,0.003,9.0
10,-1.0,-1.0,-1.0,-1.0,-1.0,-1.0,3820.0,0.003,9.0
11,-1.0,-1.0,-1.0,-1.0,-1.0,0.0,7558.0,0.005,8.0
12,-1.0,0.0,-1.0,-1.0,-1.0,-1.0,4994.0,0.003,8.0
13,-1.0,-1.0,-1.0,0.0,-1.0,-1.0,6235.0,0.004,9.0
14,-1.0,-1.0,-1.0,-1.0,-1.0,-1.0,3998.0,0.003,6.0
15,-1.0,-1.0,-1.0,-1.0,-1.0,-1.0,3685.0,0.002,6.0
16,-1.0,-1.0,-1.0,-1.0,-1.0,-1.0,5759.0,0.004,9.0
17,-1.0,-1.0,-1.0,-1.0,-1.0,-1.0,4633.0,0.003,6.0
18,-1.0,-1.0,-1.0,-1.0,0.0,-1.0,6016.0,0.004,9.0
19,-1.0,-1.0,0.0,-1.0,-1.0,-1.0,527.0,0.0,9.0
20,0.0,-1.0,-1.0,-1.0,-1.0,-1.0,1984.0,0.001,9.0
21,-1.0,-1.0,-1.0,-1.0,-1.0,-1.0,500.0,0.0,7.0
22,0.0,-1.0,-1.0,0.0,-1.0,-1.0,1885.0,0.001,9.0
23,-1.0,-1.0,-1.0,0.0,-1.0,-1.0,2611.0,0.002,9.0
24,-1.0,-1.0,-1.0,0.0,0.0,-1.0,3252.0,0.002,9.0
25,-1.0,-1.0,-1.0,0.0,-1.0,-1.0,2072.0,0.001,9.0
26,-1.0,-1.0,-1.0,-1.0,-1.0,-1.0,2183.0,0.001,9.0
27,0.0,-1.0,-1.0,-1.0,-1.0,-1.0,3489.0,0.002,9.0
28,-1.0,-1.0,-1.0,-1.0,0.0,-1.0,1499.0,0.001,9.0
29,-1.0,-1.0,-1.0,-1.0,-1.0,-1.0,630.0,0.0,6.0
30,0.0,-1.0,-1.0,-1.0,0.0,-1.0,2194.0,0.001,9.0
31,-1.0,-1.0,-1.0,-1.0,0.0,-1.0,3293.0,0.002,9.0
32,-1.0,0.0,-1.0,-1.0,-1.0,-1.0,440.0,0.0,9.0
33,0.0,-1.0,-1.0,-1.0,-1.0,-1.0,368.0,0.0,7.0
34,-1.0,-1.0,-1.0,-1.0,-1.0,-1.0,516.0,0.0,7.0
35,-1.0,-1.0,-1.0,0.0,-1.0,-1.0,216.0,0.0,7.0
36,-1.0,-1.0,-1.0,-1.0,0.0,0.0,417.0,0.0,9.0
37,-1.0,-1.0,0.0,-1.0,0.0,-1.0,332.0,0.0,9.0
38,-1.0,-1.0,-1.0,-1.0,-1.0,0.0,671.0,0.0,9.0
39,0.0,-1.0,0.0,-1.0,-1.0,-1.0,472.0,0.0,9.0
40,-1.0,-1.0,0.0,-1.0,-1.0,-1.0,243.0,0.0,9.0
41,-1.0,-1.0,-1.0,-1.0,-1.0,0.0,356.0,0.0,9.0
42,-1.0,-1.0,-1.0,0.0,-1.0,-1.0,190.0,0.0,10.0
43,-1.0,-1.0,-1.0,-1.0,-1.0,-1.0,225.0,0.0,7.0
44,0.0,-1.0,-1.0,-1.0,-1.0,-1.0,165.0,0.0,7.0
45,-1.0,-1.0,-1.0,-1.0,-1.0,-1.0,465.0,0.0,7.0
46,-1.0,-1.0,0.0,0.0,-1.0,-1.0,298.0,0.0,9.0
47,-1.0,-1.0,-1.0,0.0,-1.0,0.0,301.0,0.0,9.0
48,-1.0,0.0,-1.0,-1.0,-1.0,-1.0,212.0,0.0,9.0
49,-1.0,0.0,-1.0,-1.0,-1.0,-1.0,303.0,0.0,9.0
50,-1.0,-1.0,-1.0,-1.0,-1.0,-1.0,92.0,0.0,7.0
51,0.0,-1.0,-1.0,0.0,-1.0,-1.0,129.0,0.0,10.0
52,0.0,-1.0,-1.0,-1.0,-1.0,-1.0,279.0,0.0,10.0
53,-1.0,-1.0,0.0,-1.0,-1.0,-1.0,473.0,0.0,9.0
54,0.0,-1.0,-1.0,-1.0,-1.0,0.0,590.0,0.0,9.0
55,-1.0,-1.0,-1.0,-1.0,-1.0,0.0,204.0,0.0,9.0
56,-1.0,-1.0,-1.0,-1.0,-1.0,-1.0,398.0,0.0,7.0
57,-1.0,0.0,-1.0,0.0,-1.0,-1.0,67.0,0.0,9.0
58,-1.0,-1.0,-1.0,0.0,0.0,-1.0,509.0,0.0,10.0
59,-1.0,-1.0,-1.0,-1.0,-1.0,-1.0,233.0,0.0,7.0
60,-1.0,-1.0,-1.0,-1.0,-1.0,-1.0,261.0,0.0,7.0
61,-1.0,-1.0,-1.0,0.0,-1.0,-1.0,228.0,0.0,10.0
62,-1.0,-1.0,-1.0,0.0,-1.0,-1.0,98.0,0.0,7.0
63,-1.0,-1.0,-1.0,0.0,0.0,-1.0,111.0,0.0,10.0
64,-1.0,0.0,-1.0,-1.0,0.0,-1.0,362.0,0.0,9.0
65,-1.0,-1.0,-1.0,-1.0,0.0,-1.0,275.0,0.0,10.0
66,-1.0,-1.0,0.0,-1.0,-1.0,0.0,33.0,0.0,9.0
67,0.0,0.0,-1.0,-1.0,-1.0,-1.0,328.0,0.0,9.0
68,0.0,-1.0,-1.0,-1.0,-1.0,-1.0,121.0,0.0,10.0
69,-1.0,-1.0,-1.0,-1.0,-1.0,0.0,106.0,0.0,10.0
70,-1.0,-1.0,-1.0,0.0,-1.0,-1.0,249.0,0.0,7.0
71,-1.0,-1.0,-1.0,-1.0,0.0,-1.0,549.0,0.0,10.0
72,-1.0,0.0,0.0,-1.0,-1.0,-1.0,90.0,0.0,9.0
73,-1.0,-1.0,-1.0,-1.0,0.0,-1.0,200.0,0.0,7.0
74,0.0,-1.0,-1.0,-1.0,0.0,-1.0,265.0,0.0,10.0
75,-1.0,-1.0,-1.0,-1.0,-1.0,-1.0,32.0,0.0,7.0
76,-1.0,-1.0,-1.0,-1.0,-1.0,-1.0,35.0,0.0,7.0
77,-1.0,-1.0,-1.0,-1.0,0.0,-1.0,272.0,0.0,7.0
78,-1.0,-1.0,-1.0,-1.0,-1.0,-1.0,20.0,0.0,5.0
79,-1.0,-1.0,0.0,-1.0,-1.0,-1.0,9.0,0.0,8.0
80,-1.0,-1.0,0.0,-1.0,-1.0,-1.0,64.0,0.0,7.0
81,-1.0,-1.0,0.0,-1.0,0.0,-1.0,23.0,0.0,10.0
82,0.0,-1.0,-1.0,0.0,-1.0,-1.0,126.0,0.0,10.0
83,-1.0,-1.0,-1.0,-1.0,-1.0,-1.0,42.0,0.0,5.0
84,0.0,-1.0,-1.0,-1.0,-1.0,-1.0,139.0,0.0,7.0
85,0.0,-1.0,-1.0,-1.0,-1.0,-1.0,349.0,0.0,10.0
86,-1.0,-1.0,-1.0,-1.0,-1.0,-1.0,3.0,0.0,8.0
87,-1.0,-1.0,-1.0,0.0,-1.0,-1.0,42.0,0.0,7.0
88,-1.0,-1.0,-1.0,-1.0,0.0,-1.0,191.0,0.0,7.0
89,0.0,-1.0,-1.0,-1.0,0.0,-1.0,22.0,0.0,10.0
90,-1.0,-1.0,-1.0,-1.0,-1.0,-1.0,125.0,0.0,10.0
91,-1.0,-1.0,-1.0,0.0,0.0,-1.0,122.0,0.0,10.0
92,-1.0,-1.0,-1.0,-1.0,-1.0,0.0,39.0,0.0,7.0
93,-1.0,-1.0,-1.0,0.0,-1.0,-1.0,193.0,0.0,10.0
94,0.0,-1.0,-1.0,0.0,-1.0,-1.0,397.0,0.0,10.0
95,0.0,-1.0,-1.0,-1.0,-1.0,-1.0,95.0,0.0,8.0
96,-1.0,-1.0,-1.0,-1.0,0.0,0.0,48.0,0.0,10.0
97,0.0,-1.0,0.0,-1.0,-1.0,-1.0,28.0,0.0,10.0
98,0.0,-1.0,-1.0,0.0,-1.0,-1.0,41.0,0.0,11.0
99,-1.0,-1.0,-1.0,-1.0,0.0,-1.0,18.0,0.0,8.0
100,-1.0,0.0,-1.0,-1.0,-1.0,0.0,46.0,0.0,9.0
101,0.0,-1.0,-1.0,-1.0,-1.0,0.0,14.0,0.0,10.0
102,-1.0,-1.0,-1.0,-1.0,-1.0,-1.0,56.0,0.0,5.0
103,-1.0,0.0,-1.0,-1.0,-1.0,-1.0,61.0,0.0,10.0
104,-1.0,-1.0,-1.0,-1.0,-1.0,0.0,142.0,0.0,10.0
105,0.0,0.0,-1.0,-1.0,-1.0,-1.0,42.0,0.0,10.0
106,-1.0,-1.0,0.0,-1.0,-1.0,0.0,35.0,0.0,10.0
107,0.0,-1.0,-1.0,-1.0,0.0,-1.0,80.0,0.0,10.0
108,-1.0,0.0,-1.0,-1.0,0.0,-1.0,120.0,0.0,10.0
109,-1.0,-1.0,-1.0,0.0,-1.0,-1.0,124.0,0.0,8.0
110,-1.0,-1.0,-1.0,-1.0,0.0,-1.0,7.0,0.0,10.0
111,-1.0,-1.0,-1.0,0.0,0.0,-1.0,51.0,0.0,11.0
112,-1.0,0.0,-1.0,-1.0,-1.0,-1.0,5.0,0.0,10.0
113,0.0,-1.0,-1.0,0.0,0.0,-1.0,47.0,0.0,10.0
114,-1.0,-1.0,-1.0,-1.0,-1.0,-1.0,33.0,0.0,8.0
115,-1.0,-1.0,-1.0,0.0,-1.0,0.0,42.0,0.0,10.0
116,-1.0,-1.0,-1.0,-1.0,-1.0,-1.0,4.0,0.0,8.0
117,-1.0,-1.0,-1.0,-1.0,-1.0,0.0,5.0,0.0,7.0
118,-1.0,-1.0,0.0,-1.0,0.0,-1.0,39.0,0.0,10.0
119,0.0,-1.0,-1.0,-1.0,-1.0,-1.0,86.0,0.0,8.0
120,-1.0,-1.0,-1.0,-1.0,-1.0,-1.0,3.0,0.0,8.0
121,0.0,-1.0,-1.0,-1.0,-1.0,0.0,32.0,0.0,10.0
122,-1.0,-1.0,-1.0,0.0,-1.0,-1.0,1.0,0.0,8.0
123,-1.0,-1.0,-1.0,-1.0,-1.0,0.0,16.0,0.0,7.0
124,0.0,-1.0,-1.0,-1.0,0.0,-1.0,18.0,0.0,11.0
125,-1.0,0.0,-1.0,-1.0,-1.0,-1.0,9.0,0.0,7.0
126,0.0,-1.0,0.0,-1.0,-1.0,-1.0,4.0,0.0,11.0
127,0.0,-1.0,-1.0,-1.0,-1.0,-1.0,7.0,0.0,8.0
128,0.0,-1.0,-1.0,0.0,-1.0,-1.0,7.0,0.0,11.0
129,-1.0,-1.0,-1.0,-1.0,0.0,-1.0,53.0,0.0,8.0
130,-1.0,-1.0,0.0,-1.0,-1.0,-1.0,2.0,0.0,8.0
131,0.0,-1.0,0.0,-1.0,-1.0,-1.0,18.0,0.0,10.0
132,0.0,-1.0,-1.0,-1.0,0.0,0.0,21.0,0.0,10.0
133,-1.0,-1.0,-1.0,-1.0,-1.0,0.0,4.0,0.0,7.0
134,-1.0,-1.0,-1.0,0.0,0.0,0.0,4.0,0.0,10.0
135,0.0,-1.0,0.0,-1.0,-1.0,-1.0,12.0,0.0,10.0
136,0.0,-1.0,-1.0,-1.0,-1.0,-1.0,20.0,0.0,8.0
137,0.0,-1.0,-1.0,-1.0,-1.0,0.0,11.0,0.0,10.0
138,0.0,0.0,-1.0,-1.0,0.0,-1.0,17.0,0.0,10.0
139,-1.0,-1.0,-1.0,-1.0,0.0,-1.0,46.0,0.0,8.0
140,0.0,-1.0,-1.0,-1.0,-1.0,-1.0,130.0,0.0,8.0
141,-1.0,-1.0,-1.0,-1.0,-1.0,-1.0,5.0,0.0,8.0
142,-1.0,-1.0,0.0,-1.0,0.0,-1.0,6.0,0.0,10.0
143,0.0,-1.0,-1.0,-1.0,-1.0,0.0,5.0,0.0,11.0
144,0.0,-1.0,0.0,0.0,-1.0,-1.0,60.0,0.0,11.0
145,-1.0,-1.0,-1.0,-1.0,0.0,-1.0,11.0,0.0,9.0
146,-1.0,-1.0,0.0,-1.0,0.0,-1.0,18.0,0.0,11.0
147,-1.0,-1.0,-1.0,0.0,0.0,-1.0,11.0,0.0,9.0
148,-1.0,-1.0,-1.0,-1.0,-1.0,-1.0,19.0,0.0,7.0
149,-1.0,-1.0,0.0,-1.0,0.0,-1.0,3.0,0.0,11.0
150,-1.0,-1.0,0.0,-1.0,-1.0,-1.0,6.0,0.0,10.0
151,0.0,-1.0,-1.0,-1.0,-1.0,-1.0,41.0,0.0,9.0
152,0.0,-1.0,0.0,-1.0,-1.0,0.0,9.0,0.0,10.0
153,-1.0,0.0,-1.0,0.0,-1.0,-1.0,3.0,0.0,11.0
154,0.0,-1.0,-1.0,-1.0,0.0,0.0,17.0,0.0,11.0
155,-1.0,-1.0,-1.0,-1.0,0.0,-1.0,3.0,0.0,8.0
156,0.0,-1.0,-1.0,-1.0,0.0,-1.0,45.0,0.0,9.0
157,-1.0,-1.0,0.0,-1.0,-1.0,-1.0,6.0,0.0,10.0
158,-1.0,-1.0,-1.0,-1.0,-1.0,-1.0,14.0,0.0,8.0
159,0.0,-1.0,-1.0,-1.0,-1.0,-1.0,4.0,0.0,9.0
